#node1	node2	node1_string_id	node2_string_id	neighborhood_on_chromosome	gene_fusion	phylogenetic_cooccurrence	homology	coexpression	experimentally_determined_interaction	database_annotated	automated_textmining	combined_score
ABCA1	LRP1	9606.ENSP00000363868	9606.ENSP00000243077	0	0	0	0	0.076	0	0	0.523	0.540
ABCA1	APOE	9606.ENSP00000363868	9606.ENSP00000252486	0	0	0	0	0.084	0	0	0.979	0.980
ABCA1	C1QB	9606.ENSP00000363868	9606.ENSP00000313967	0	0	0	0	0.056	0.060	0	0.410	0.430
ABCA1	MYLIP	9606.ENSP00000363868	9606.ENSP00000349298	0	0	0	0	0.062	0.067	0	0.809	0.818
ABCA1	ABCG1	9606.ENSP00000363868	9606.ENSP00000354995	0	0	0	0.567	0.088	0	0	0.516	0.540
ABCA1	MMP9	9606.ENSP00000363868	9606.ENSP00000361405	0	0	0	0	0.088	0	0	0.430	0.458
ABCA1	TREM2	9606.ENSP00000363868	9606.ENSP00000362205	0	0	0	0	0.070	0	0	0.394	0.412
ABCA1	VLDLR	9606.ENSP00000363868	9606.ENSP00000371532	0	0	0	0	0	0	0	0.582	0.582
ABCA1	IL6	9606.ENSP00000363868	9606.ENSP00000385675	0	0	0	0	0.063	0	0	0.604	0.613
ABCG1	APOE	9606.ENSP00000354995	9606.ENSP00000252486	0	0	0	0	0.047	0	0	0.928	0.928
ABCG1	MYLIP	9606.ENSP00000354995	9606.ENSP00000349298	0	0	0	0	0.074	0.071	0	0.741	0.757
ABCG1	IL6	9606.ENSP00000354995	9606.ENSP00000385675	0	0	0	0	0	0	0	0.478	0.478
ABCG1	VLDLR	9606.ENSP00000354995	9606.ENSP00000371532	0	0	0	0	0.059	0	0	0.474	0.484
ABCG1	ABCA1	9606.ENSP00000354995	9606.ENSP00000363868	0	0	0	0.567	0.088	0	0	0.516	0.540
ACE	CTSD	9606.ENSP00000290866	9606.ENSP00000236671	0	0	0	0	0.048	0	0	0.644	0.647
ACE	APOE	9606.ENSP00000290866	9606.ENSP00000252486	0	0	0	0	0.049	0	0	0.875	0.876
ACE	LGALS3	9606.ENSP00000290866	9606.ENSP00000254301	0	0	0	0	0	0	0	0.436	0.436
ACE	ADAM10	9606.ENSP00000290866	9606.ENSP00000260408	0	0	0	0	0.053	0	0	0.451	0.458
ACE	ITGA2B	9606.ENSP00000290866	9606.ENSP00000262407	0	0	0	0	0.044	0	0	0.419	0.420
ACE	IDE	9606.ENSP00000290866	9606.ENSP00000265986	0	0	0	0	0	0	0	0.537	0.537
ACE	BACE1	9606.ENSP00000290866	9606.ENSP00000318585	0	0	0	0	0.042	0	0	0.429	0.430
ACE	BSG	9606.ENSP00000290866	9606.ENSP00000333769	0	0	0	0	0.043	0	0	0.474	0.475
ACE	CTSB	9606.ENSP00000290866	9606.ENSP00000345672	0	0	0	0	0.059	0	0	0.475	0.484
ACE	PLG	9606.ENSP00000290866	9606.ENSP00000308938	0	0	0	0	0	0	0	0.614	0.614
ACE	ECE2	9606.ENSP00000290866	9606.ENSP00000350066	0	0	0	0	0	0	0	0.689	0.689
ACE	MMP9	9606.ENSP00000290866	9606.ENSP00000361405	0	0	0	0	0.061	0	0	0.727	0.733
ACE	IL6	9606.ENSP00000290866	9606.ENSP00000385675	0	0	0	0	0	0	0	0.776	0.776
ACE	ADAM17	9606.ENSP00000290866	9606.ENSP00000309968	0	0	0	0	0.087	0	0	0.814	0.823
ACE	MMEL1	9606.ENSP00000290866	9606.ENSP00000367668	0	0	0	0	0.042	0	0	0.889	0.889
ADAM10	APOE	9606.ENSP00000260408	9606.ENSP00000252486	0	0	0	0	0	0	0	0.733	0.733
ADAM10	ACE	9606.ENSP00000260408	9606.ENSP00000290866	0	0	0	0	0.053	0	0	0.451	0.458
ADAM10	IL6	9606.ENSP00000260408	9606.ENSP00000385675	0	0	0	0	0	0	0	0.478	0.478
ADAM10	MAPT	9606.ENSP00000260408	9606.ENSP00000340820	0	0	0	0	0	0	0	0.486	0.486
ADAM10	TREM2	9606.ENSP00000260408	9606.ENSP00000362205	0	0	0	0	0.042	0	0	0.527	0.527
ADAM10	BACE2	9606.ENSP00000260408	9606.ENSP00000332979	0	0	0	0	0	0	0	0.580	0.580
ADAM10	MMP9	9606.ENSP00000260408	9606.ENSP00000361405	0	0	0	0	0.043	0	0	0.603	0.604
ADAM10	MMEL1	9606.ENSP00000260408	9606.ENSP00000367668	0	0	0	0	0	0.093	0	0.587	0.610
ADAM10	CTSB	9606.ENSP00000260408	9606.ENSP00000345672	0	0	0	0	0.047	0.053	0	0.605	0.612
ADAM10	IDE	9606.ENSP00000260408	9606.ENSP00000265986	0	0	0	0	0.121	0	0	0.603	0.636
ADAM10	PICALM	9606.ENSP00000260408	9606.ENSP00000377015	0	0	0	0	0.424	0	0	0.396	0.637
ADAM10	PSENEN	9606.ENSP00000260408	9606.ENSP00000468411	0	0	0	0	0.042	0.322	0	0.744	0.819
ADAM10	APH1A	9606.ENSP00000260408	9606.ENSP00000358105	0	0	0	0	0.048	0.322	0	0.790	0.852
ADAM10	NCSTN	9606.ENSP00000260408	9606.ENSP00000294785	0	0	0	0	0.056	0.322	0	0.806	0.865
ADAM10	BACE1	9606.ENSP00000260408	9606.ENSP00000318585	0	0	0	0	0.049	0.322	0	0.889	0.922
ADAM10	ADAM17	9606.ENSP00000260408	9606.ENSP00000309968	0	0	0	0.684	0.058	0	0.900	0.596	0.958
ADAM17	ADAM10	9606.ENSP00000309968	9606.ENSP00000260408	0	0	0	0.684	0.058	0	0.900	0.596	0.958
ADAM17	IDE	9606.ENSP00000309968	9606.ENSP00000265986	0	0	0	0	0.042	0	0	0.484	0.485
ADAM17	ACE	9606.ENSP00000309968	9606.ENSP00000290866	0	0	0	0	0.087	0	0	0.814	0.823
ADAM17	NCSTN	9606.ENSP00000309968	9606.ENSP00000294785	0	0	0	0	0.054	0	0	0.692	0.696
ADAM17	MMEL1	9606.ENSP00000309968	9606.ENSP00000367668	0	0	0	0	0	0.070	0	0.411	0.428
ADAM17	CTSB	9606.ENSP00000309968	9606.ENSP00000345672	0	0	0	0	0.060	0.066	0	0.417	0.444
ADAM17	BSG	9606.ENSP00000309968	9606.ENSP00000333769	0	0	0	0	0	0	0	0.444	0.444
ADAM17	BACE2	9606.ENSP00000309968	9606.ENSP00000332979	0	0	0	0	0	0	0	0.466	0.466
ADAM17	MAPT	9606.ENSP00000309968	9606.ENSP00000340820	0	0	0	0	0	0	0	0.491	0.491
ADAM17	APH1A	9606.ENSP00000309968	9606.ENSP00000358105	0	0	0	0	0.049	0	0	0.578	0.581
ADAM17	MMP9	9606.ENSP00000309968	9606.ENSP00000361405	0	0	0	0	0.047	0	0	0.613	0.616
ADAM17	IL6	9606.ENSP00000309968	9606.ENSP00000385675	0	0	0	0	0.044	0	0	0.625	0.626
ADAM17	BACE1	9606.ENSP00000309968	9606.ENSP00000318585	0	0	0	0	0	0	0	0.652	0.652
ADAM17	PSENEN	9606.ENSP00000309968	9606.ENSP00000468411	0	0	0	0	0.048	0	0	0.664	0.667
APH1A	APOE	9606.ENSP00000358105	9606.ENSP00000252486	0	0	0	0	0	0	0	0.431	0.431
APH1A	GSAP	9606.ENSP00000358105	9606.ENSP00000257626	0	0	0	0	0	0	0	0.757	0.757
APH1A	ADAM10	9606.ENSP00000358105	9606.ENSP00000260408	0	0	0	0	0.048	0.322	0	0.790	0.852
APH1A	IDE	9606.ENSP00000358105	9606.ENSP00000265986	0	0	0	0	0.049	0	0	0.480	0.484
APH1A	NCSTN	9606.ENSP00000358105	9606.ENSP00000294785	0	0	0	0	0.137	0.999	0.900	0.999	0.999
APH1A	ADAM17	9606.ENSP00000358105	9606.ENSP00000309968	0	0	0	0	0.049	0	0	0.578	0.581
APH1A	BACE1	9606.ENSP00000358105	9606.ENSP00000318585	0	0	0	0	0	0	0	0.793	0.793
APH1A	BACE2	9606.ENSP00000358105	9606.ENSP00000332979	0	0	0	0	0	0	0	0.599	0.599
APH1A	BSG	9606.ENSP00000358105	9606.ENSP00000333769	0	0	0	0	0.062	0	0	0.555	0.564
APH1A	MAPT	9606.ENSP00000358105	9606.ENSP00000340820	0	0	0	0	0	0	0	0.608	0.608
APH1A	CTSB	9606.ENSP00000358105	9606.ENSP00000345672	0	0	0	0	0.067	0	0	0.491	0.504
APH1A	GPR3	9606.ENSP00000358105	9606.ENSP00000363136	0	0	0	0	0	0	0	0.571	0.571
APH1A	MMEL1	9606.ENSP00000358105	9606.ENSP00000367668	0	0	0	0	0	0	0	0.724	0.724
APH1A	PSENEN	9606.ENSP00000358105	9606.ENSP00000468411	0	0	0	0	0.116	0.998	0.900	0.999	0.999
APOE	CTSD	9606.ENSP00000252486	9606.ENSP00000236671	0	0	0	0	0.182	0	0	0.722	0.763
APOE	TARDBP	9606.ENSP00000252486	9606.ENSP00000240185	0	0	0	0	0.055	0	0	0.663	0.667
APOE	LRP1	9606.ENSP00000252486	9606.ENSP00000243077	0	0	0	0	0.086	0.722	0.900	0.997	0.999
APOE	RBFOX3	9606.ENSP00000252486	9606.ENSP00000463653	0	0	0	0	0.055	0	0	0.418	0.426
APOE	APH1A	9606.ENSP00000252486	9606.ENSP00000358105	0	0	0	0	0	0	0	0.431	0.431
APOE	BACE2	9606.ENSP00000252486	9606.ENSP00000332979	0	0	0	0	0.067	0	0	0.474	0.489
APOE	DLG4	9606.ENSP00000252486	9606.ENSP00000497806	0	0	0	0	0.063	0	0	0.479	0.490
APOE	S100B	9606.ENSP00000252486	9606.ENSP00000291700	0	0	0	0	0.080	0	0	0.507	0.527
APOE	PPIA	9606.ENSP00000252486	9606.ENSP00000419425	0	0	0	0	0.086	0	0	0.505	0.528
APOE	LGALS3	9606.ENSP00000252486	9606.ENSP00000254301	0	0	0	0	0.052	0	0	0.576	0.581
APOE	MYLIP	9606.ENSP00000252486	9606.ENSP00000349298	0	0	0	0	0.068	0	0	0.599	0.610
APOE	PRKN	9606.ENSP00000252486	9606.ENSP00000355865	0	0	0	0	0	0	0	0.617	0.617
APOE	MMEL1	9606.ENSP00000252486	9606.ENSP00000367668	0	0	0	0	0	0	0	0.621	0.621
APOE	NCSTN	9606.ENSP00000252486	9606.ENSP00000294785	0	0	0	0	0	0	0	0.641	0.641
APOE	PLG	9606.ENSP00000252486	9606.ENSP00000308938	0	0	0	0	0.044	0	0	0.651	0.652
APOE	TYROBP	9606.ENSP00000252486	9606.ENSP00000262629	0	0	0	0	0.200	0	0	0.583	0.652
APOE	IDE	9606.ENSP00000252486	9606.ENSP00000265986	0	0	0	0	0	0	0	0.667	0.667
APOE	CTSB	9606.ENSP00000252486	9606.ENSP00000345672	0	0	0	0	0.148	0.063	0	0.654	0.699
APOE	PSENEN	9606.ENSP00000252486	9606.ENSP00000468411	0	0	0	0	0	0	0	0.704	0.704
APOE	C1QB	9606.ENSP00000252486	9606.ENSP00000313967	0	0	0	0	0.180	0	0	0.655	0.705
APOE	ADAM10	9606.ENSP00000252486	9606.ENSP00000260408	0	0	0	0	0	0	0	0.733	0.733
APOE	MMP9	9606.ENSP00000252486	9606.ENSP00000361405	0	0	0	0	0.140	0.045	0	0.741	0.769
APOE	PICALM	9606.ENSP00000252486	9606.ENSP00000377015	0	0	0	0	0	0	0	0.773	0.773
APOE	BACE1	9606.ENSP00000252486	9606.ENSP00000318585	0	0	0	0	0.074	0	0	0.777	0.785
APOE	IL6	9606.ENSP00000252486	9606.ENSP00000385675	0	0	0	0	0	0	0	0.835	0.835
APOE	LDLR	9606.ENSP00000252486	9606.ENSP00000454071	0	0	0	0	0	0.617	0.540	0.160	0.839
APOE	ACE	9606.ENSP00000252486	9606.ENSP00000290866	0	0	0	0	0.049	0	0	0.875	0.876
APOE	BIN1	9606.ENSP00000252486	9606.ENSP00000316779	0	0	0	0	0.043	0	0.540	0.808	0.908
APOE	ABCG1	9606.ENSP00000252486	9606.ENSP00000354995	0	0	0	0	0.047	0	0	0.928	0.928
APOE	ABCA1	9606.ENSP00000252486	9606.ENSP00000363868	0	0	0	0	0.084	0	0	0.979	0.980
APOE	MAPT	9606.ENSP00000252486	9606.ENSP00000340820	0	0	0	0	0.044	0.701	0	0.973	0.991
APOE	TREM2	9606.ENSP00000252486	9606.ENSP00000362205	0	0	0	0	0.181	0.584	0	0.994	0.997
APOE	VLDLR	9606.ENSP00000252486	9606.ENSP00000371532	0	0	0	0	0	0.236	0.540	0.997	0.998
BACE1	STUB1	9606.ENSP00000318585	9606.ENSP00000219548	0	0	0	0	0	0.292	0	0.245	0.442
BACE1	TARDBP	9606.ENSP00000318585	9606.ENSP00000240185	0	0	0	0	0	0.046	0	0.485	0.488
BACE1	LRP1	9606.ENSP00000318585	9606.ENSP00000243077	0	0	0	0	0.128	0	0	0.751	0.774
BACE1	APOE	9606.ENSP00000318585	9606.ENSP00000252486	0	0	0	0	0.074	0	0	0.777	0.785
BACE1	GSAP	9606.ENSP00000318585	9606.ENSP00000257626	0	0	0	0	0.056	0	0	0.438	0.447
BACE1	ADAM10	9606.ENSP00000318585	9606.ENSP00000260408	0	0	0	0	0.049	0.322	0	0.889	0.922
BACE1	IDE	9606.ENSP00000318585	9606.ENSP00000265986	0	0	0	0	0	0	0	0.793	0.793
BACE1	UCHL1	9606.ENSP00000318585	9606.ENSP00000284440	0	0	0	0	0.082	0	0	0.390	0.416
BACE1	ACE	9606.ENSP00000318585	9606.ENSP00000290866	0	0	0	0	0.042	0	0	0.429	0.430
BACE1	NCSTN	9606.ENSP00000318585	9606.ENSP00000294785	0	0	0	0	0	0.292	0	0.835	0.878
BACE1	ADAM17	9606.ENSP00000318585	9606.ENSP00000309968	0	0	0	0	0	0	0	0.652	0.652
BACE1	BIN1	9606.ENSP00000318585	9606.ENSP00000316779	0	0	0	0	0.051	0.095	0	0.479	0.514
BACE1	BECN1	9606.ENSP00000318585	9606.ENSP00000355231	0	0	0	0	0	0	0	0.400	0.400
BACE1	RBFOX3	9606.ENSP00000318585	9606.ENSP00000463653	0	0	0	0	0	0.046	0	0.424	0.427
BACE1	PPIA	9606.ENSP00000318585	9606.ENSP00000419425	0	0	0	0	0	0.380	0	0.125	0.434
BACE1	ECE2	9606.ENSP00000318585	9606.ENSP00000350066	0	0	0	0	0	0.046	0	0.455	0.458
BACE1	IL6	9606.ENSP00000318585	9606.ENSP00000385675	0	0	0	0	0.066	0	0	0.489	0.503
BACE1	PICALM	9606.ENSP00000318585	9606.ENSP00000377015	0	0	0	0	0.042	0	0	0.506	0.506
BACE1	TREM2	9606.ENSP00000318585	9606.ENSP00000362205	0	0	0	0	0.048	0	0	0.570	0.573
BACE1	DLG4	9606.ENSP00000318585	9606.ENSP00000497806	0	0	0	0	0.078	0	0	0.603	0.618
BACE1	MAPT	9606.ENSP00000318585	9606.ENSP00000340820	0	0	0	0	0.067	0	0	0.764	0.770
BACE1	CTSB	9606.ENSP00000318585	9606.ENSP00000345672	0	0	0	0	0.088	0.104	0	0.742	0.771
BACE1	APH1A	9606.ENSP00000318585	9606.ENSP00000358105	0	0	0	0	0	0	0	0.793	0.793
BACE1	MMEL1	9606.ENSP00000318585	9606.ENSP00000367668	0	0	0	0	0	0.046	0	0.861	0.861
BACE1	PSENEN	9606.ENSP00000318585	9606.ENSP00000468411	0	0	0	0	0	0	0	0.875	0.875
BACE1	BACE2	9606.ENSP00000318585	9606.ENSP00000332979	0	0	0.062	0.926	0.045	0	0.900	0.107	0.909
BACE2	LRP1	9606.ENSP00000332979	9606.ENSP00000243077	0	0	0	0	0.061	0	0	0.486	0.497
BACE2	APOE	9606.ENSP00000332979	9606.ENSP00000252486	0	0	0	0	0.067	0	0	0.474	0.489
BACE2	ADAM10	9606.ENSP00000332979	9606.ENSP00000260408	0	0	0	0	0	0	0	0.580	0.580
BACE2	IDE	9606.ENSP00000332979	9606.ENSP00000265986	0	0	0	0	0	0	0	0.483	0.483
BACE2	NCSTN	9606.ENSP00000332979	9606.ENSP00000294785	0	0	0	0	0	0	0	0.634	0.634
BACE2	ADAM17	9606.ENSP00000332979	9606.ENSP00000309968	0	0	0	0	0	0	0	0.466	0.466
BACE2	BACE1	9606.ENSP00000332979	9606.ENSP00000318585	0	0	0.062	0.926	0.045	0	0.900	0.107	0.909
BACE2	MAPT	9606.ENSP00000332979	9606.ENSP00000340820	0	0	0	0	0	0	0	0.417	0.416
BACE2	CTSB	9606.ENSP00000332979	9606.ENSP00000345672	0	0	0	0	0.088	0.104	0	0.386	0.455
BACE2	MMEL1	9606.ENSP00000332979	9606.ENSP00000367668	0	0	0	0	0	0.046	0	0.471	0.474
BACE2	PSENEN	9606.ENSP00000332979	9606.ENSP00000468411	0	0	0	0	0	0	0	0.588	0.588
BACE2	APH1A	9606.ENSP00000332979	9606.ENSP00000358105	0	0	0	0	0	0	0	0.599	0.599
BECN1	CTSD	9606.ENSP00000355231	9606.ENSP00000236671	0	0	0	0	0.049	0	0	0.644	0.647
BECN1	USP14	9606.ENSP00000355231	9606.ENSP00000261601	0	0	0	0	0.060	0.510	0	0.352	0.675
BECN1	USP13	9606.ENSP00000355231	9606.ENSP00000263966	0	0	0	0	0.042	0	0.700	0.694	0.904
BECN1	S100B	9606.ENSP00000355231	9606.ENSP00000291700	0	0	0	0	0	0	0	0.623	0.623
BECN1	BIN1	9606.ENSP00000355231	9606.ENSP00000316779	0	0	0	0	0.042	0.303	0	0.185	0.409
BECN1	BACE1	9606.ENSP00000355231	9606.ENSP00000318585	0	0	0	0	0	0	0	0.400	0.400
BECN1	CTSB	9606.ENSP00000355231	9606.ENSP00000345672	0	0	0	0	0.048	0	0	0.610	0.613
BECN1	MMP9	9606.ENSP00000355231	9606.ENSP00000361405	0	0	0	0	0	0	0	0.473	0.473
BECN1	KEAP1	9606.ENSP00000355231	9606.ENSP00000377245	0	0	0	0	0.074	0	0	0.519	0.535
BECN1	IL6	9606.ENSP00000355231	9606.ENSP00000385675	0	0	0	0	0	0	0	0.609	0.609
BECN1	USP10	9606.ENSP00000355231	9606.ENSP00000457411	0	0	0	0	0.097	0.124	0.400	0.292	0.619
BECN1	PRKN	9606.ENSP00000355231	9606.ENSP00000355865	0	0	0	0	0	0.654	0	0.971	0.989
BIN1	APOE	9606.ENSP00000316779	9606.ENSP00000252486	0	0	0	0	0.043	0	0.540	0.808	0.908
BIN1	IDE	9606.ENSP00000316779	9606.ENSP00000265986	0	0	0	0	0.047	0.068	0	0.502	0.519
BIN1	BECN1	9606.ENSP00000316779	9606.ENSP00000355231	0	0	0	0	0.042	0.303	0	0.185	0.409
BIN1	DLG4	9606.ENSP00000316779	9606.ENSP00000497806	0	0	0	0	0.086	0.104	0	0.448	0.508
BIN1	BACE1	9606.ENSP00000316779	9606.ENSP00000318585	0	0	0	0	0.051	0.095	0	0.479	0.514
BIN1	LDLR	9606.ENSP00000316779	9606.ENSP00000454071	0	0	0	0	0	0	0.540	0.065	0.551
BIN1	VLDLR	9606.ENSP00000316779	9606.ENSP00000371532	0	0	0	0	0	0	0.540	0.176	0.604
BIN1	TREM2	9606.ENSP00000316779	9606.ENSP00000362205	0	0	0	0	0	0	0	0.647	0.647
BIN1	ITCH	9606.ENSP00000316779	9606.ENSP00000499786	0	0	0	0	0.067	0.397	0	0.456	0.668
BIN1	PICALM	9606.ENSP00000316779	9606.ENSP00000377015	0	0	0	0	0.042	0.095	0	0.885	0.892
BIN1	MAPT	9606.ENSP00000316779	9606.ENSP00000340820	0	0	0	0	0.074	0.792	0	0.719	0.941
BSG	CRBN	9606.ENSP00000333769	9606.ENSP00000231948	0	0	0	0	0	0.292	0	0.566	0.679
BSG	LGALS3	9606.ENSP00000333769	9606.ENSP00000254301	0	0	0	0	0.064	0.292	0	0.587	0.702
BSG	GSAP	9606.ENSP00000333769	9606.ENSP00000257626	0	0	0	0	0	0	0	0.638	0.638
BSG	ACE	9606.ENSP00000333769	9606.ENSP00000290866	0	0	0	0	0.043	0	0	0.474	0.475
BSG	NCSTN	9606.ENSP00000333769	9606.ENSP00000294785	0	0	0	0	0.092	0.421	0	0.327	0.615
BSG	ADAM17	9606.ENSP00000333769	9606.ENSP00000309968	0	0	0	0	0	0	0	0.444	0.444
BSG	SYVN1	9606.ENSP00000333769	9606.ENSP00000366395	0	0	0	0	0.049	0.421	0	0.083	0.450
BSG	CTSB	9606.ENSP00000333769	9606.ENSP00000345672	0	0	0	0	0.139	0.052	0	0.419	0.484
BSG	APH1A	9606.ENSP00000333769	9606.ENSP00000358105	0	0	0	0	0.062	0	0	0.555	0.564
BSG	PSENEN	9606.ENSP00000333769	9606.ENSP00000468411	0	0	0	0	0.074	0.287	0	0.556	0.681
BSG	IL6	9606.ENSP00000333769	9606.ENSP00000385675	0	0	0	0	0	0	0	0.691	0.691
BSG	MMP9	9606.ENSP00000333769	9606.ENSP00000361405	0	0	0	0	0.056	0.092	0	0.754	0.771
BSG	PPIA	9606.ENSP00000333769	9606.ENSP00000419425	0	0	0	0	0.067	0.550	0.900	0.999	0.999
C1QB	APOE	9606.ENSP00000313967	9606.ENSP00000252486	0	0	0	0	0.180	0	0	0.655	0.705
C1QB	LGALS3	9606.ENSP00000313967	9606.ENSP00000254301	0	0	0	0	0.049	0.046	0	0.505	0.511
C1QB	TYROBP	9606.ENSP00000313967	9606.ENSP00000262629	0	0	0	0	0.544	0	0	0.689	0.852
C1QB	ABCA1	9606.ENSP00000313967	9606.ENSP00000363868	0	0	0	0	0.056	0.060	0	0.410	0.430
C1QB	TREM2	9606.ENSP00000313967	9606.ENSP00000362205	0	0	0	0	0.429	0	0	0.481	0.691
CRBN	VHL	9606.ENSP00000231948	9606.ENSP00000256474	0	0.178	0	0	0.063	0	0	0.494	0.576
CRBN	BSG	9606.ENSP00000231948	9606.ENSP00000333769	0	0	0	0	0	0.292	0	0.566	0.679
CTSB	CTSD	9606.ENSP00000345672	9606.ENSP00000236671	0	0	0	0	0.483	0.177	0.400	0.923	0.977
CTSB	LRP1	9606.ENSP00000345672	9606.ENSP00000243077	0	0	0	0	0.087	0	0	0.547	0.569
CTSB	APOE	9606.ENSP00000345672	9606.ENSP00000252486	0	0	0	0	0.148	0.063	0	0.654	0.699
CTSB	LGALS3	9606.ENSP00000345672	9606.ENSP00000254301	0	0	0	0	0.197	0.045	0	0.448	0.540
CTSB	ADAM10	9606.ENSP00000345672	9606.ENSP00000260408	0	0	0	0	0.047	0.053	0	0.605	0.612
CTSB	TYROBP	9606.ENSP00000345672	9606.ENSP00000262629	0	0	0	0	0.225	0	0	0.267	0.408
CTSB	IDE	9606.ENSP00000345672	9606.ENSP00000265986	0	0	0	0	0	0	0	0.615	0.615
CTSB	ACE	9606.ENSP00000345672	9606.ENSP00000290866	0	0	0	0	0.059	0	0	0.475	0.484
CTSB	NCSTN	9606.ENSP00000345672	9606.ENSP00000294785	0	0	0	0	0.056	0	0	0.558	0.565
CTSB	PLG	9606.ENSP00000345672	9606.ENSP00000308938	0	0	0	0	0	0	0	0.724	0.724
CTSB	ADAM17	9606.ENSP00000345672	9606.ENSP00000309968	0	0	0	0	0.060	0.066	0	0.417	0.444
CTSB	BACE1	9606.ENSP00000345672	9606.ENSP00000318585	0	0	0	0	0.088	0.104	0	0.742	0.771
CTSB	BACE2	9606.ENSP00000345672	9606.ENSP00000332979	0	0	0	0	0.088	0.104	0	0.386	0.455
CTSB	BSG	9606.ENSP00000345672	9606.ENSP00000333769	0	0	0	0	0.139	0.052	0	0.419	0.484
CTSB	LDLR	9606.ENSP00000345672	9606.ENSP00000454071	0	0	0	0	0	0	0	0.432	0.432
CTSB	TREM2	9606.ENSP00000345672	9606.ENSP00000362205	0	0	0	0	0.100	0	0	0.396	0.434
CTSB	ECE2	9606.ENSP00000345672	9606.ENSP00000350066	0	0	0	0	0	0	0	0.441	0.441
CTSB	APH1A	9606.ENSP00000345672	9606.ENSP00000358105	0	0	0	0	0.067	0	0	0.491	0.504
CTSB	PSENEN	9606.ENSP00000345672	9606.ENSP00000468411	0	0	0	0	0	0	0	0.520	0.520
CTSB	MMEL1	9606.ENSP00000345672	9606.ENSP00000367668	0	0	0	0	0	0	0	0.563	0.563
CTSB	BECN1	9606.ENSP00000345672	9606.ENSP00000355231	0	0	0	0	0.048	0	0	0.610	0.613
CTSB	IL6	9606.ENSP00000345672	9606.ENSP00000385675	0	0	0	0	0.112	0	0	0.601	0.631
CTSB	MMP9	9606.ENSP00000345672	9606.ENSP00000361405	0	0	0	0	0.086	0.292	0.400	0.766	0.897
CTSD	IL6	9606.ENSP00000236671	9606.ENSP00000385675	0	0	0	0	0.074	0	0	0.410	0.430
CTSD	TREM2	9606.ENSP00000236671	9606.ENSP00000362205	0	0	0	0	0.102	0	0	0.424	0.461
CTSD	PLG	9606.ENSP00000236671	9606.ENSP00000308938	0	0	0	0	0.055	0.046	0	0.460	0.471
CTSD	TYROBP	9606.ENSP00000236671	9606.ENSP00000262629	0	0	0	0	0.194	0	0	0.382	0.481
CTSD	LGALS3	9606.ENSP00000236671	9606.ENSP00000254301	0	0	0	0	0.108	0	0	0.465	0.502
CTSD	MMP9	9606.ENSP00000236671	9606.ENSP00000361405	0	0	0	0	0.116	0	0	0.483	0.523
CTSD	MAPT	9606.ENSP00000236671	9606.ENSP00000340820	0	0	0	0	0.044	0.292	0	0.399	0.558
CTSD	ACE	9606.ENSP00000236671	9606.ENSP00000290866	0	0	0	0	0.048	0	0	0.644	0.647
CTSD	BECN1	9606.ENSP00000236671	9606.ENSP00000355231	0	0	0	0	0.049	0	0	0.644	0.647
CTSD	APOE	9606.ENSP00000236671	9606.ENSP00000252486	0	0	0	0	0.182	0	0	0.722	0.763
CTSD	IDE	9606.ENSP00000236671	9606.ENSP00000265986	0	0	0	0	0.042	0	0.700	0.389	0.809
CTSD	CTSB	9606.ENSP00000236671	9606.ENSP00000345672	0	0	0	0	0.483	0.177	0.400	0.923	0.977
DKK1	MMP9	9606.ENSP00000363081	9606.ENSP00000361405	0	0	0	0	0.102	0	0	0.645	0.668
DKK1	IL6	9606.ENSP00000363081	9606.ENSP00000385675	0	0	0	0	0.060	0	0	0.567	0.575
DLG4	TARDBP	9606.ENSP00000497806	9606.ENSP00000240185	0	0	0	0	0	0.091	0	0.392	0.423
DLG4	LRP1	9606.ENSP00000497806	9606.ENSP00000243077	0	0	0	0	0.172	0.540	0	0.871	0.946
DLG4	APOE	9606.ENSP00000497806	9606.ENSP00000252486	0	0	0	0	0.063	0	0	0.479	0.490
DLG4	IDE	9606.ENSP00000497806	9606.ENSP00000265986	0	0	0	0	0.065	0	0	0.416	0.431
DLG4	S100B	9606.ENSP00000497806	9606.ENSP00000291700	0	0	0	0	0.126	0	0	0.400	0.453
DLG4	BIN1	9606.ENSP00000497806	9606.ENSP00000316779	0	0	0	0	0.086	0.104	0	0.448	0.508
DLG4	BACE1	9606.ENSP00000497806	9606.ENSP00000318585	0	0	0	0	0.078	0	0	0.603	0.618
DLG4	MAPT	9606.ENSP00000497806	9606.ENSP00000340820	0	0	0	0	0.091	0.058	0	0.735	0.753
DLG4	PRKN	9606.ENSP00000497806	9606.ENSP00000355865	0	0	0	0	0	0.327	0	0.292	0.503
DLG4	TREM2	9606.ENSP00000497806	9606.ENSP00000362205	0	0	0	0	0.099	0	0	0.367	0.405
DLG4	VLDLR	9606.ENSP00000497806	9606.ENSP00000371532	0	0	0	0	0	0.071	0	0.543	0.557
DLG4	IL6	9606.ENSP00000497806	9606.ENSP00000385675	0	0	0	0	0	0	0	0.404	0.404
DLG4	ENO2	9606.ENSP00000497806	9606.ENSP00000437402	0.041	0	0	0	0.161	0.188	0	0.316	0.494
DLG4	RBFOX3	9606.ENSP00000497806	9606.ENSP00000463653	0	0	0	0	0.122	0.045	0	0.697	0.723
DLG4	UBE3A	9606.ENSP00000497806	9606.ENSP00000497594	0	0	0	0	0	0	0	0.447	0.447
ECE2	IDE	9606.ENSP00000350066	9606.ENSP00000265986	0	0	0	0	0.046	0	0	0.794	0.795
ECE2	ACE	9606.ENSP00000350066	9606.ENSP00000290866	0	0	0	0	0	0	0	0.689	0.689
ECE2	BACE1	9606.ENSP00000350066	9606.ENSP00000318585	0	0	0	0	0	0.046	0	0.455	0.458
ECE2	CTSB	9606.ENSP00000350066	9606.ENSP00000345672	0	0	0	0	0	0	0	0.441	0.441
ENO2	UCHL1	9606.ENSP00000437402	9606.ENSP00000284440	0	0	0	0	0.125	0	0	0.801	0.818
ENO2	S100B	9606.ENSP00000437402	9606.ENSP00000291700	0	0	0	0	0.089	0	0	0.881	0.887
ENO2	MAPT	9606.ENSP00000437402	9606.ENSP00000340820	0	0	0	0	0.111	0.108	0	0.549	0.611
ENO2	IL6	9606.ENSP00000437402	9606.ENSP00000385675	0	0	0	0	0	0	0	0.511	0.511
ENO2	DLG4	9606.ENSP00000437402	9606.ENSP00000497806	0.041	0	0	0	0.161	0.188	0	0.316	0.494
ENO2	RBFOX3	9606.ENSP00000437402	9606.ENSP00000463653	0	0	0	0	0.081	0	0	0.595	0.612
GPR3	APH1A	9606.ENSP00000363136	9606.ENSP00000358105	0	0	0	0	0	0	0	0.571	0.571
GSAP	BACE1	9606.ENSP00000257626	9606.ENSP00000318585	0	0	0	0	0.056	0	0	0.438	0.447
GSAP	BSG	9606.ENSP00000257626	9606.ENSP00000333769	0	0	0	0	0	0	0	0.638	0.638
GSAP	APH1A	9606.ENSP00000257626	9606.ENSP00000358105	0	0	0	0	0	0	0	0.757	0.757
GSAP	NCSTN	9606.ENSP00000257626	9606.ENSP00000294785	0	0	0	0	0.051	0.301	0	0.761	0.828
GSAP	PSENEN	9606.ENSP00000257626	9606.ENSP00000468411	0	0	0	0	0	0.301	0	0.770	0.832
HCST	TREM2	9606.ENSP00000246551	9606.ENSP00000362205	0	0	0	0	0.100	0	0	0.386	0.424
HCST	TYROBP	9606.ENSP00000246551	9606.ENSP00000262629	0	0	0	0	0.780	0.154	0	0.978	0.995
HSPD1	STUB1	9606.ENSP00000340019	9606.ENSP00000219548	0	0	0	0	0.049	0.292	0	0.182	0.401
HSPD1	TYROBP	9606.ENSP00000340019	9606.ENSP00000262629	0	0	0	0	0	0	0	0.482	0.482
HSPD1	PLG	9606.ENSP00000340019	9606.ENSP00000308938	0	0	0	0	0.042	0.329	0	0.702	0.792
HSPD1	IL6	9606.ENSP00000340019	9606.ENSP00000385675	0	0	0	0	0.072	0	0	0.448	0.465
HSPD1	TREM2	9606.ENSP00000340019	9606.ENSP00000362205	0	0	0	0	0	0	0	0.528	0.528
HSPD1	PPIA	9606.ENSP00000340019	9606.ENSP00000419425	0	0	0	0	0.185	0	0	0.657	0.709
HSPD1	PRKN	9606.ENSP00000340019	9606.ENSP00000355865	0	0	0	0	0	0.537	0	0.553	0.784
IDE	CTSD	9606.ENSP00000265986	9606.ENSP00000236671	0	0	0	0	0.042	0	0.700	0.389	0.809
IDE	LRP1	9606.ENSP00000265986	9606.ENSP00000243077	0	0	0	0	0.042	0	0	0.584	0.584
IDE	APOE	9606.ENSP00000265986	9606.ENSP00000252486	0	0	0	0	0	0	0	0.667	0.667
IDE	ADAM10	9606.ENSP00000265986	9606.ENSP00000260408	0	0	0	0	0.121	0	0	0.603	0.636
IDE	PICALM	9606.ENSP00000265986	9606.ENSP00000377015	0	0	0	0	0.049	0	0	0.417	0.422
IDE	MMP9	9606.ENSP00000265986	9606.ENSP00000361405	0	0	0	0	0	0	0	0.428	0.428
IDE	DLG4	9606.ENSP00000265986	9606.ENSP00000497806	0	0	0	0	0.065	0	0	0.416	0.431
IDE	TREM2	9606.ENSP00000265986	9606.ENSP00000362205	0	0	0	0	0	0	0	0.436	0.436
IDE	PLG	9606.ENSP00000265986	9606.ENSP00000308938	0	0	0	0	0	0	0	0.450	0.450
IDE	BACE2	9606.ENSP00000265986	9606.ENSP00000332979	0	0	0	0	0	0	0	0.483	0.483
IDE	APH1A	9606.ENSP00000265986	9606.ENSP00000358105	0	0	0	0	0.049	0	0	0.480	0.484
IDE	ADAM17	9606.ENSP00000265986	9606.ENSP00000309968	0	0	0	0	0.042	0	0	0.484	0.485
IDE	PSENEN	9606.ENSP00000265986	9606.ENSP00000468411	0	0	0	0	0	0	0	0.508	0.508
IDE	MAPT	9606.ENSP00000265986	9606.ENSP00000340820	0	0	0	0	0	0	0	0.517	0.517
IDE	BIN1	9606.ENSP00000265986	9606.ENSP00000316779	0	0	0	0	0.047	0.068	0	0.502	0.519
IDE	ACE	9606.ENSP00000265986	9606.ENSP00000290866	0	0	0	0	0	0	0	0.537	0.537
IDE	NCSTN	9606.ENSP00000265986	9606.ENSP00000294785	0	0	0	0	0.054	0	0	0.572	0.577
IDE	CTSB	9606.ENSP00000265986	9606.ENSP00000345672	0	0	0	0	0	0	0	0.615	0.615
IDE	BACE1	9606.ENSP00000265986	9606.ENSP00000318585	0	0	0	0	0	0	0	0.793	0.793
IDE	ECE2	9606.ENSP00000265986	9606.ENSP00000350066	0	0	0	0	0.046	0	0	0.794	0.795
IDE	MMEL1	9606.ENSP00000265986	9606.ENSP00000367668	0	0	0	0	0.046	0	0	0.948	0.948
IL6	STUB1	9606.ENSP00000385675	9606.ENSP00000219548	0	0	0	0	0	0	0	0.407	0.407
IL6	CTSD	9606.ENSP00000385675	9606.ENSP00000236671	0	0	0	0	0.074	0	0	0.410	0.430
IL6	LRP1	9606.ENSP00000385675	9606.ENSP00000243077	0	0	0	0	0	0	0	0.446	0.446
IL6	APOE	9606.ENSP00000385675	9606.ENSP00000252486	0	0	0	0	0	0	0	0.835	0.835
IL6	LGALS3	9606.ENSP00000385675	9606.ENSP00000254301	0	0	0	0	0.064	0	0	0.762	0.768
IL6	ADAM10	9606.ENSP00000385675	9606.ENSP00000260408	0	0	0	0	0	0	0	0.478	0.478
IL6	ITGA2B	9606.ENSP00000385675	9606.ENSP00000262407	0	0	0	0	0.054	0	0	0.507	0.513
IL6	TYROBP	9606.ENSP00000385675	9606.ENSP00000262629	0	0	0	0	0.049	0	0	0.447	0.451
IL6	UCHL1	9606.ENSP00000385675	9606.ENSP00000284440	0	0	0	0	0.048	0	0	0.396	0.400
IL6	ACE	9606.ENSP00000385675	9606.ENSP00000290866	0	0	0	0	0	0	0	0.776	0.776
IL6	S100B	9606.ENSP00000385675	9606.ENSP00000291700	0	0	0	0	0	0	0	0.621	0.621
IL6	PLG	9606.ENSP00000385675	9606.ENSP00000308938	0	0	0	0	0	0	0	0.682	0.682
IL6	ADAM17	9606.ENSP00000385675	9606.ENSP00000309968	0	0	0	0	0.044	0	0	0.625	0.626
IL6	BACE1	9606.ENSP00000385675	9606.ENSP00000318585	0	0	0	0	0.066	0	0	0.489	0.503
IL6	BSG	9606.ENSP00000385675	9606.ENSP00000333769	0	0	0	0	0	0	0	0.691	0.691
IL6	HSPD1	9606.ENSP00000385675	9606.ENSP00000340019	0	0	0	0	0.072	0	0	0.448	0.465
IL6	MAPT	9606.ENSP00000385675	9606.ENSP00000340820	0	0	0	0	0	0	0	0.448	0.448
IL6	CTSB	9606.ENSP00000385675	9606.ENSP00000345672	0	0	0	0	0.112	0	0	0.601	0.631
IL6	ABCG1	9606.ENSP00000385675	9606.ENSP00000354995	0	0	0	0	0	0	0	0.478	0.478
IL6	BECN1	9606.ENSP00000385675	9606.ENSP00000355231	0	0	0	0	0	0	0	0.609	0.609
IL6	MMP9	9606.ENSP00000385675	9606.ENSP00000361405	0	0	0	0	0.106	0	0.400	0.930	0.959
IL6	TREM2	9606.ENSP00000385675	9606.ENSP00000362205	0	0	0	0	0.044	0	0	0.662	0.663
IL6	DKK1	9606.ENSP00000385675	9606.ENSP00000363081	0	0	0	0	0.060	0	0	0.567	0.575
IL6	ABCA1	9606.ENSP00000385675	9606.ENSP00000363868	0	0	0	0	0.063	0	0	0.604	0.613
IL6	MMEL1	9606.ENSP00000385675	9606.ENSP00000367668	0	0	0	0	0	0	0	0.405	0.405
IL6	KEAP1	9606.ENSP00000385675	9606.ENSP00000377245	0	0	0	0	0	0	0	0.617	0.617
IL6	DLG4	9606.ENSP00000385675	9606.ENSP00000497806	0	0	0	0	0	0	0	0.404	0.404
IL6	PPIA	9606.ENSP00000385675	9606.ENSP00000419425	0	0	0	0	0.057	0	0	0.448	0.457
IL6	ENO2	9606.ENSP00000385675	9606.ENSP00000437402	0	0	0	0	0	0	0	0.511	0.511
IL6	RBFOX3	9606.ENSP00000385675	9606.ENSP00000463653	0	0	0	0	0.055	0	0	0.553	0.559
ITCH	USP13	9606.ENSP00000499786	9606.ENSP00000263966	0	0	0	0	0.044	0.257	0	0.230	0.406
ITCH	BIN1	9606.ENSP00000499786	9606.ENSP00000316779	0	0	0	0	0.067	0.397	0	0.456	0.668
ITCH	USP25	9606.ENSP00000499786	9606.ENSP00000383044	0	0	0	0	0.064	0.289	0	0.282	0.481
ITGA2B	ACE	9606.ENSP00000262407	9606.ENSP00000290866	0	0	0	0	0.044	0	0	0.419	0.420
ITGA2B	IL6	9606.ENSP00000262407	9606.ENSP00000385675	0	0	0	0	0.054	0	0	0.507	0.513
ITGA2B	PLG	9606.ENSP00000262407	9606.ENSP00000308938	0	0	0	0	0	0	0	0.662	0.662
KEAP1	BECN1	9606.ENSP00000377245	9606.ENSP00000355231	0	0	0	0	0.074	0	0	0.519	0.535
KEAP1	PRKN	9606.ENSP00000377245	9606.ENSP00000355865	0	0	0	0	0	0.097	0	0.591	0.615
KEAP1	MMP9	9606.ENSP00000377245	9606.ENSP00000361405	0	0	0	0	0	0	0	0.405	0.405
KEAP1	IL6	9606.ENSP00000377245	9606.ENSP00000385675	0	0	0	0	0	0	0	0.617	0.617
LDLR	APOE	9606.ENSP00000454071	9606.ENSP00000252486	0	0	0	0	0	0.617	0.540	0.160	0.839
LDLR	BIN1	9606.ENSP00000454071	9606.ENSP00000316779	0	0	0	0	0	0	0.540	0.065	0.551
LDLR	CTSB	9606.ENSP00000454071	9606.ENSP00000345672	0	0	0	0	0	0	0	0.432	0.432
LDLR	MYLIP	9606.ENSP00000454071	9606.ENSP00000349298	0	0	0	0	0.047	0.788	0.900	0.075	0.978
LDLR	VLDLR	9606.ENSP00000454071	9606.ENSP00000371532	0	0	0.059	0.941	0	0.098	0.540	0.058	0.583
LDLR	PICALM	9606.ENSP00000454071	9606.ENSP00000377015	0	0	0	0	0.049	0	0.500	0.052	0.509
LGALS3	CTSD	9606.ENSP00000254301	9606.ENSP00000236671	0	0	0	0	0.108	0	0	0.465	0.502
LGALS3	APOE	9606.ENSP00000254301	9606.ENSP00000252486	0	0	0	0	0.052	0	0	0.576	0.581
LGALS3	TYROBP	9606.ENSP00000254301	9606.ENSP00000262629	0	0	0	0	0.141	0	0	0.355	0.422
LGALS3	ACE	9606.ENSP00000254301	9606.ENSP00000290866	0	0	0	0	0	0	0	0.436	0.436
LGALS3	C1QB	9606.ENSP00000254301	9606.ENSP00000313967	0	0	0	0	0.049	0.046	0	0.505	0.511
LGALS3	CTSB	9606.ENSP00000254301	9606.ENSP00000345672	0	0	0	0	0.197	0.045	0	0.448	0.540
LGALS3	BSG	9606.ENSP00000254301	9606.ENSP00000333769	0	0	0	0	0.064	0.292	0	0.587	0.702
LGALS3	IL6	9606.ENSP00000254301	9606.ENSP00000385675	0	0	0	0	0.064	0	0	0.762	0.768
LGALS3	TREM2	9606.ENSP00000254301	9606.ENSP00000362205	0	0	0	0	0.096	0	0	0.810	0.821
LGALS3	MMP9	9606.ENSP00000254301	9606.ENSP00000361405	0	0	0	0	0.115	0	0	0.809	0.824
LRP1	PICALM	9606.ENSP00000243077	9606.ENSP00000377015	0	0	0	0	0.071	0	0	0.383	0.403
LRP1	IL6	9606.ENSP00000243077	9606.ENSP00000385675	0	0	0	0	0	0	0	0.446	0.446
LRP1	VLDLR	9606.ENSP00000243077	9606.ENSP00000371532	0	0	0	0.832	0	0	0	0.473	0.473
LRP1	PLG	9606.ENSP00000243077	9606.ENSP00000308938	0	0	0	0	0	0	0	0.477	0.477
LRP1	BACE2	9606.ENSP00000243077	9606.ENSP00000332979	0	0	0	0	0.061	0	0	0.486	0.497
LRP1	ABCA1	9606.ENSP00000243077	9606.ENSP00000363868	0	0	0	0	0.076	0	0	0.523	0.540
LRP1	CTSB	9606.ENSP00000243077	9606.ENSP00000345672	0	0	0	0	0.087	0	0	0.547	0.569
LRP1	IDE	9606.ENSP00000243077	9606.ENSP00000265986	0	0	0	0	0.042	0	0	0.584	0.584
LRP1	MAPT	9606.ENSP00000243077	9606.ENSP00000340820	0	0	0	0	0.058	0	0	0.625	0.632
LRP1	MMEL1	9606.ENSP00000243077	9606.ENSP00000367668	0	0	0	0	0.072	0	0	0.703	0.713
LRP1	BACE1	9606.ENSP00000243077	9606.ENSP00000318585	0	0	0	0	0.128	0	0	0.751	0.774
LRP1	MMP9	9606.ENSP00000243077	9606.ENSP00000361405	0	0	0	0	0.044	0	0	0.889	0.889
LRP1	DLG4	9606.ENSP00000243077	9606.ENSP00000497806	0	0	0	0	0.172	0.540	0	0.871	0.946
LRP1	APOE	9606.ENSP00000243077	9606.ENSP00000252486	0	0	0	0	0.086	0.722	0.900	0.997	0.999
MAPT	STUB1	9606.ENSP00000340820	9606.ENSP00000219548	0	0	0	0	0	0.907	0	0.423	0.944
MAPT	CTSD	9606.ENSP00000340820	9606.ENSP00000236671	0	0	0	0	0.044	0.292	0	0.399	0.558
MAPT	TARDBP	9606.ENSP00000340820	9606.ENSP00000240185	0	0	0	0	0	0.049	0	0.970	0.970
MAPT	LRP1	9606.ENSP00000340820	9606.ENSP00000243077	0	0	0	0	0.058	0	0	0.625	0.632
MAPT	APOE	9606.ENSP00000340820	9606.ENSP00000252486	0	0	0	0	0.044	0.701	0	0.973	0.991
MAPT	ADAM10	9606.ENSP00000340820	9606.ENSP00000260408	0	0	0	0	0	0	0	0.486	0.486
MAPT	IDE	9606.ENSP00000340820	9606.ENSP00000265986	0	0	0	0	0	0	0	0.517	0.517
MAPT	UCHL1	9606.ENSP00000340820	9606.ENSP00000284440	0	0	0	0	0.087	0.095	0	0.690	0.721
MAPT	S100B	9606.ENSP00000340820	9606.ENSP00000291700	0	0	0	0	0.099	0.517	0	0.802	0.906
MAPT	NCSTN	9606.ENSP00000340820	9606.ENSP00000294785	0	0	0	0	0	0	0	0.646	0.646
MAPT	ADAM17	9606.ENSP00000340820	9606.ENSP00000309968	0	0	0	0	0	0	0	0.491	0.491
MAPT	BIN1	9606.ENSP00000340820	9606.ENSP00000316779	0	0	0	0	0.074	0.792	0	0.719	0.941
MAPT	BACE1	9606.ENSP00000340820	9606.ENSP00000318585	0	0	0	0	0.067	0	0	0.764	0.770
MAPT	BACE2	9606.ENSP00000340820	9606.ENSP00000332979	0	0	0	0	0	0	0	0.417	0.416
MAPT	IL6	9606.ENSP00000340820	9606.ENSP00000385675	0	0	0	0	0	0	0	0.448	0.448
MAPT	APH1A	9606.ENSP00000340820	9606.ENSP00000358105	0	0	0	0	0	0	0	0.608	0.608
MAPT	ENO2	9606.ENSP00000340820	9606.ENSP00000437402	0	0	0	0	0.111	0.108	0	0.549	0.611
MAPT	MMEL1	9606.ENSP00000340820	9606.ENSP00000367668	0	0	0	0	0.067	0	0	0.607	0.617
MAPT	PSENEN	9606.ENSP00000340820	9606.ENSP00000468411	0	0	0	0	0	0	0	0.624	0.624
MAPT	RBFOX3	9606.ENSP00000340820	9606.ENSP00000463653	0	0	0	0	0.146	0.049	0	0.597	0.644
MAPT	VLDLR	9606.ENSP00000340820	9606.ENSP00000371532	0	0	0	0	0.058	0	0	0.644	0.650
MAPT	TREM2	9606.ENSP00000340820	9606.ENSP00000362205	0	0	0.231	0	0	0	0	0.668	0.733
MAPT	PICALM	9606.ENSP00000340820	9606.ENSP00000377015	0	0	0	0	0	0.104	0	0.726	0.744
MAPT	DLG4	9606.ENSP00000340820	9606.ENSP00000497806	0	0	0	0	0.091	0.058	0	0.735	0.753
MAPT	PRKN	9606.ENSP00000340820	9606.ENSP00000355865	0	0	0	0	0.074	0.623	0	0.789	0.920
MMEL1	LRP1	9606.ENSP00000367668	9606.ENSP00000243077	0	0	0	0	0.072	0	0	0.703	0.713
MMEL1	APOE	9606.ENSP00000367668	9606.ENSP00000252486	0	0	0	0	0	0	0	0.621	0.621
MMEL1	ADAM10	9606.ENSP00000367668	9606.ENSP00000260408	0	0	0	0	0	0.093	0	0.587	0.610
MMEL1	IDE	9606.ENSP00000367668	9606.ENSP00000265986	0	0	0	0	0.046	0	0	0.948	0.948
MMEL1	ACE	9606.ENSP00000367668	9606.ENSP00000290866	0	0	0	0	0.042	0	0	0.889	0.889
MMEL1	NCSTN	9606.ENSP00000367668	9606.ENSP00000294785	0	0	0	0	0	0	0	0.766	0.766
MMEL1	ADAM17	9606.ENSP00000367668	9606.ENSP00000309968	0	0	0	0	0	0.070	0	0.411	0.428
MMEL1	BACE1	9606.ENSP00000367668	9606.ENSP00000318585	0	0	0	0	0	0.046	0	0.861	0.861
MMEL1	BACE2	9606.ENSP00000367668	9606.ENSP00000332979	0	0	0	0	0	0.046	0	0.471	0.474
MMEL1	MAPT	9606.ENSP00000367668	9606.ENSP00000340820	0	0	0	0	0.067	0	0	0.607	0.617
MMEL1	CTSB	9606.ENSP00000367668	9606.ENSP00000345672	0	0	0	0	0	0	0	0.563	0.563
MMEL1	APH1A	9606.ENSP00000367668	9606.ENSP00000358105	0	0	0	0	0	0	0	0.724	0.724
MMEL1	MMP9	9606.ENSP00000367668	9606.ENSP00000361405	0	0	0	0	0	0	0	0.488	0.488
MMEL1	TREM2	9606.ENSP00000367668	9606.ENSP00000362205	0	0	0	0	0.055	0	0	0.467	0.475
MMEL1	IL6	9606.ENSP00000367668	9606.ENSP00000385675	0	0	0	0	0	0	0	0.405	0.405
MMEL1	PSENEN	9606.ENSP00000367668	9606.ENSP00000468411	0	0	0	0	0	0	0	0.685	0.685
MMP9	CTSD	9606.ENSP00000361405	9606.ENSP00000236671	0	0	0	0	0.116	0	0	0.483	0.523
MMP9	LRP1	9606.ENSP00000361405	9606.ENSP00000243077	0	0	0	0	0.044	0	0	0.889	0.889
MMP9	APOE	9606.ENSP00000361405	9606.ENSP00000252486	0	0	0	0	0.140	0.045	0	0.741	0.769
MMP9	LGALS3	9606.ENSP00000361405	9606.ENSP00000254301	0	0	0	0	0.115	0	0	0.809	0.824
MMP9	ADAM10	9606.ENSP00000361405	9606.ENSP00000260408	0	0	0	0	0.043	0	0	0.603	0.604
MMP9	TYROBP	9606.ENSP00000361405	9606.ENSP00000262629	0	0	0	0	0.354	0	0	0.445	0.626
MMP9	IDE	9606.ENSP00000361405	9606.ENSP00000265986	0	0	0	0	0	0	0	0.428	0.428
MMP9	ACE	9606.ENSP00000361405	9606.ENSP00000290866	0	0	0	0	0.061	0	0	0.727	0.733
MMP9	S100B	9606.ENSP00000361405	9606.ENSP00000291700	0	0	0	0	0	0	0	0.480	0.480
MMP9	PLG	9606.ENSP00000361405	9606.ENSP00000308938	0	0	0	0	0.055	0	0	0.826	0.829
MMP9	ADAM17	9606.ENSP00000361405	9606.ENSP00000309968	0	0	0	0	0.047	0	0	0.613	0.616
MMP9	BSG	9606.ENSP00000361405	9606.ENSP00000333769	0	0	0	0	0.056	0.092	0	0.754	0.771
MMP9	CTSB	9606.ENSP00000361405	9606.ENSP00000345672	0	0	0	0	0.086	0.292	0.400	0.766	0.897
MMP9	BECN1	9606.ENSP00000361405	9606.ENSP00000355231	0	0	0	0	0	0	0	0.473	0.473
MMP9	KEAP1	9606.ENSP00000361405	9606.ENSP00000377245	0	0	0	0	0	0	0	0.405	0.405
MMP9	TREM2	9606.ENSP00000361405	9606.ENSP00000362205	0	0	0	0	0.133	0	0	0.359	0.420
MMP9	PPIA	9606.ENSP00000361405	9606.ENSP00000419425	0	0	0	0	0	0	0	0.452	0.452
MMP9	ABCA1	9606.ENSP00000361405	9606.ENSP00000363868	0	0	0	0	0.088	0	0	0.430	0.458
MMP9	MMEL1	9606.ENSP00000361405	9606.ENSP00000367668	0	0	0	0	0	0	0	0.488	0.488
MMP9	DKK1	9606.ENSP00000361405	9606.ENSP00000363081	0	0	0	0	0.102	0	0	0.645	0.668
MMP9	IL6	9606.ENSP00000361405	9606.ENSP00000385675	0	0	0	0	0.106	0	0.400	0.930	0.959
MYLIP	STUB1	9606.ENSP00000349298	9606.ENSP00000219548	0	0	0	0	0.055	0	0	0.459	0.466
MYLIP	APOE	9606.ENSP00000349298	9606.ENSP00000252486	0	0	0	0	0.068	0	0	0.599	0.610
MYLIP	ABCG1	9606.ENSP00000349298	9606.ENSP00000354995	0	0	0	0	0.074	0.071	0	0.741	0.757
MYLIP	VLDLR	9606.ENSP00000349298	9606.ENSP00000371532	0	0	0	0	0	0.311	0.400	0.479	0.765
MYLIP	ABCA1	9606.ENSP00000349298	9606.ENSP00000363868	0	0	0	0	0.062	0.067	0	0.809	0.818
MYLIP	LDLR	9606.ENSP00000349298	9606.ENSP00000454071	0	0	0	0	0.047	0.788	0.900	0.075	0.978
NCSTN	APOE	9606.ENSP00000294785	9606.ENSP00000252486	0	0	0	0	0	0	0	0.641	0.641
NCSTN	GSAP	9606.ENSP00000294785	9606.ENSP00000257626	0	0	0	0	0.051	0.301	0	0.761	0.828
NCSTN	ADAM10	9606.ENSP00000294785	9606.ENSP00000260408	0	0	0	0	0.056	0.322	0	0.806	0.865
NCSTN	IDE	9606.ENSP00000294785	9606.ENSP00000265986	0	0	0	0	0.054	0	0	0.572	0.577
NCSTN	PICALM	9606.ENSP00000294785	9606.ENSP00000377015	0	0	0	0	0.060	0	0	0.419	0.430
NCSTN	CTSB	9606.ENSP00000294785	9606.ENSP00000345672	0	0	0	0	0.056	0	0	0.558	0.565
NCSTN	BSG	9606.ENSP00000294785	9606.ENSP00000333769	0	0	0	0	0.092	0.421	0	0.327	0.615
NCSTN	BACE2	9606.ENSP00000294785	9606.ENSP00000332979	0	0	0	0	0	0	0	0.634	0.634
NCSTN	MAPT	9606.ENSP00000294785	9606.ENSP00000340820	0	0	0	0	0	0	0	0.646	0.646
NCSTN	ADAM17	9606.ENSP00000294785	9606.ENSP00000309968	0	0	0	0	0.054	0	0	0.692	0.696
NCSTN	MMEL1	9606.ENSP00000294785	9606.ENSP00000367668	0	0	0	0	0	0	0	0.766	0.766
NCSTN	BACE1	9606.ENSP00000294785	9606.ENSP00000318585	0	0	0	0	0	0.292	0	0.835	0.878
NCSTN	APH1A	9606.ENSP00000294785	9606.ENSP00000358105	0	0	0	0	0.137	0.999	0.900	0.999	0.999
NCSTN	PSENEN	9606.ENSP00000294785	9606.ENSP00000468411	0	0	0	0	0.047	0.984	0.900	0.999	0.999
OTUB1	USP11	9606.ENSP00000444357	9606.ENSP00000218348	0	0	0	0	0.056	0	0	0.596	0.602
OTUB1	STUB1	9606.ENSP00000444357	9606.ENSP00000219548	0	0	0	0	0.056	0.292	0	0.322	0.507
OTUB1	USP14	9606.ENSP00000444357	9606.ENSP00000261601	0	0	0	0	0.121	0	0	0.661	0.690
OTUB1	USP13	9606.ENSP00000444357	9606.ENSP00000263966	0	0	0	0	0.049	0	0	0.585	0.589
OTUB1	UCHL1	9606.ENSP00000444357	9606.ENSP00000284440	0	0	0	0	0.091	0.292	0	0.513	0.659
OTUB1	USP25	9606.ENSP00000444357	9606.ENSP00000383044	0	0	0	0	0.056	0	0	0.552	0.559
PICALM	LRP1	9606.ENSP00000377015	9606.ENSP00000243077	0	0	0	0	0.071	0	0	0.383	0.403
PICALM	APOE	9606.ENSP00000377015	9606.ENSP00000252486	0	0	0	0	0	0	0	0.773	0.773
PICALM	ADAM10	9606.ENSP00000377015	9606.ENSP00000260408	0	0	0	0	0.424	0	0	0.396	0.637
PICALM	IDE	9606.ENSP00000377015	9606.ENSP00000265986	0	0	0	0	0.049	0	0	0.417	0.422
PICALM	NCSTN	9606.ENSP00000377015	9606.ENSP00000294785	0	0	0	0	0.060	0	0	0.419	0.430
PICALM	BIN1	9606.ENSP00000377015	9606.ENSP00000316779	0	0	0	0	0.042	0.095	0	0.885	0.892
PICALM	BACE1	9606.ENSP00000377015	9606.ENSP00000318585	0	0	0	0	0.042	0	0	0.506	0.506
PICALM	MAPT	9606.ENSP00000377015	9606.ENSP00000340820	0	0	0	0	0	0.104	0	0.726	0.744
PICALM	TREM2	9606.ENSP00000377015	9606.ENSP00000362205	0	0	0	0	0	0	0	0.696	0.696
PICALM	LDLR	9606.ENSP00000377015	9606.ENSP00000454071	0	0	0	0	0.049	0	0.500	0.052	0.509
PLG	CTSD	9606.ENSP00000308938	9606.ENSP00000236671	0	0	0	0	0.055	0.046	0	0.460	0.471
PLG	LRP1	9606.ENSP00000308938	9606.ENSP00000243077	0	0	0	0	0	0	0	0.477	0.477
PLG	APOE	9606.ENSP00000308938	9606.ENSP00000252486	0	0	0	0	0.044	0	0	0.651	0.652
PLG	ITGA2B	9606.ENSP00000308938	9606.ENSP00000262407	0	0	0	0	0	0	0	0.662	0.662
PLG	IDE	9606.ENSP00000308938	9606.ENSP00000265986	0	0	0	0	0	0	0	0.450	0.450
PLG	ACE	9606.ENSP00000308938	9606.ENSP00000290866	0	0	0	0	0	0	0	0.614	0.614
PLG	VLDLR	9606.ENSP00000308938	9606.ENSP00000371532	0	0	0	0	0.063	0	0	0.469	0.481
PLG	IL6	9606.ENSP00000308938	9606.ENSP00000385675	0	0	0	0	0	0	0	0.682	0.682
PLG	CTSB	9606.ENSP00000308938	9606.ENSP00000345672	0	0	0	0	0	0	0	0.724	0.724
PLG	HSPD1	9606.ENSP00000308938	9606.ENSP00000340019	0	0	0	0	0.042	0.329	0	0.702	0.792
PLG	MMP9	9606.ENSP00000308938	9606.ENSP00000361405	0	0	0	0	0.055	0	0	0.826	0.829
PPIA	TARDBP	9606.ENSP00000419425	9606.ENSP00000240185	0	0	0	0	0.095	0.343	0	0.197	0.481
PPIA	APOE	9606.ENSP00000419425	9606.ENSP00000252486	0	0	0	0	0.086	0	0	0.505	0.528
PPIA	BACE1	9606.ENSP00000419425	9606.ENSP00000318585	0	0	0	0	0	0.380	0	0.125	0.434
PPIA	BSG	9606.ENSP00000419425	9606.ENSP00000333769	0	0	0	0	0.067	0.550	0.900	0.999	0.999
PPIA	HSPD1	9606.ENSP00000419425	9606.ENSP00000340019	0	0	0	0	0.185	0	0	0.657	0.709
PPIA	MMP9	9606.ENSP00000419425	9606.ENSP00000361405	0	0	0	0	0	0	0	0.452	0.452
PPIA	IL6	9606.ENSP00000419425	9606.ENSP00000385675	0	0	0	0	0.057	0	0	0.448	0.457
PRKN	STUB1	9606.ENSP00000355865	9606.ENSP00000219548	0	0	0	0	0	0.658	0	0.849	0.946
PRKN	TARDBP	9606.ENSP00000355865	9606.ENSP00000240185	0	0	0	0	0	0.601	0.900	0.644	0.984
PRKN	APOE	9606.ENSP00000355865	9606.ENSP00000252486	0	0	0	0	0	0	0	0.617	0.617
PRKN	USP14	9606.ENSP00000355865	9606.ENSP00000261601	0	0	0	0	0	0	0	0.446	0.446
PRKN	UCHL1	9606.ENSP00000355865	9606.ENSP00000284440	0	0	0	0	0	0.563	0	0.913	0.960
PRKN	HSPD1	9606.ENSP00000355865	9606.ENSP00000340019	0	0	0	0	0	0.537	0	0.553	0.784
PRKN	MAPT	9606.ENSP00000355865	9606.ENSP00000340820	0	0	0	0	0.074	0.623	0	0.789	0.920
PRKN	BECN1	9606.ENSP00000355865	9606.ENSP00000355231	0	0	0	0	0	0.654	0	0.971	0.989
PRKN	UBE3A	9606.ENSP00000355865	9606.ENSP00000497594	0	0	0	0	0	0	0	0.436	0.436
PRKN	DLG4	9606.ENSP00000355865	9606.ENSP00000497806	0	0	0	0	0	0.327	0	0.292	0.503
PRKN	KEAP1	9606.ENSP00000355865	9606.ENSP00000377245	0	0	0	0	0	0.097	0	0.591	0.615
PSENEN	APOE	9606.ENSP00000468411	9606.ENSP00000252486	0	0	0	0	0	0	0	0.704	0.704
PSENEN	GSAP	9606.ENSP00000468411	9606.ENSP00000257626	0	0	0	0	0	0.301	0	0.770	0.832
PSENEN	ADAM10	9606.ENSP00000468411	9606.ENSP00000260408	0	0	0	0	0.042	0.322	0	0.744	0.819
PSENEN	IDE	9606.ENSP00000468411	9606.ENSP00000265986	0	0	0	0	0	0	0	0.508	0.508
PSENEN	NCSTN	9606.ENSP00000468411	9606.ENSP00000294785	0	0	0	0	0.047	0.984	0.900	0.999	0.999
PSENEN	ADAM17	9606.ENSP00000468411	9606.ENSP00000309968	0	0	0	0	0.048	0	0	0.664	0.667
PSENEN	BACE1	9606.ENSP00000468411	9606.ENSP00000318585	0	0	0	0	0	0	0	0.875	0.875
PSENEN	BACE2	9606.ENSP00000468411	9606.ENSP00000332979	0	0	0	0	0	0	0	0.588	0.588
PSENEN	BSG	9606.ENSP00000468411	9606.ENSP00000333769	0	0	0	0	0.074	0.287	0	0.556	0.681
PSENEN	MAPT	9606.ENSP00000468411	9606.ENSP00000340820	0	0	0	0	0	0	0	0.624	0.624
PSENEN	CTSB	9606.ENSP00000468411	9606.ENSP00000345672	0	0	0	0	0	0	0	0.520	0.520
PSENEN	APH1A	9606.ENSP00000468411	9606.ENSP00000358105	0	0	0	0	0.116	0.998	0.900	0.999	0.999
PSENEN	MMEL1	9606.ENSP00000468411	9606.ENSP00000367668	0	0	0	0	0	0	0	0.685	0.685
RBFOX3	TARDBP	9606.ENSP00000463653	9606.ENSP00000240185	0	0	0	0	0	0.300	0	0.508	0.641
RBFOX3	APOE	9606.ENSP00000463653	9606.ENSP00000252486	0	0	0	0	0.055	0	0	0.418	0.426
RBFOX3	UCHL1	9606.ENSP00000463653	9606.ENSP00000284440	0	0	0	0	0.138	0	0	0.359	0.424
RBFOX3	S100B	9606.ENSP00000463653	9606.ENSP00000291700	0	0	0	0	0.097	0	0	0.765	0.778
RBFOX3	BACE1	9606.ENSP00000463653	9606.ENSP00000318585	0	0	0	0	0	0.046	0	0.424	0.427
RBFOX3	MAPT	9606.ENSP00000463653	9606.ENSP00000340820	0	0	0	0	0.146	0.049	0	0.597	0.644
RBFOX3	TREM2	9606.ENSP00000463653	9606.ENSP00000362205	0	0	0	0	0.055	0	0	0.393	0.401
RBFOX3	IL6	9606.ENSP00000463653	9606.ENSP00000385675	0	0	0	0	0.055	0	0	0.553	0.559
RBFOX3	ENO2	9606.ENSP00000463653	9606.ENSP00000437402	0	0	0	0	0.081	0	0	0.595	0.612
RBFOX3	UBE3A	9606.ENSP00000463653	9606.ENSP00000497594	0	0	0	0	0	0	0	0.431	0.431
RBFOX3	DLG4	9606.ENSP00000463653	9606.ENSP00000497806	0	0	0	0	0.122	0.045	0	0.697	0.723
S100B	APOE	9606.ENSP00000291700	9606.ENSP00000252486	0	0	0	0	0.080	0	0	0.507	0.527
S100B	UCHL1	9606.ENSP00000291700	9606.ENSP00000284440	0	0	0	0	0.121	0	0	0.671	0.699
S100B	TREM2	9606.ENSP00000291700	9606.ENSP00000362205	0	0	0	0	0.147	0	0	0.357	0.428
S100B	DLG4	9606.ENSP00000291700	9606.ENSP00000497806	0	0	0	0	0.126	0	0	0.400	0.453
S100B	MMP9	9606.ENSP00000291700	9606.ENSP00000361405	0	0	0	0	0	0	0	0.480	0.480
S100B	IL6	9606.ENSP00000291700	9606.ENSP00000385675	0	0	0	0	0	0	0	0.621	0.621
S100B	BECN1	9606.ENSP00000291700	9606.ENSP00000355231	0	0	0	0	0	0	0	0.623	0.623
S100B	RBFOX3	9606.ENSP00000291700	9606.ENSP00000463653	0	0	0	0	0.097	0	0	0.765	0.778
S100B	ENO2	9606.ENSP00000291700	9606.ENSP00000437402	0	0	0	0	0.089	0	0	0.881	0.887
S100B	MAPT	9606.ENSP00000291700	9606.ENSP00000340820	0	0	0	0	0.099	0.517	0	0.802	0.906
STUB1	HSPD1	9606.ENSP00000219548	9606.ENSP00000340019	0	0	0	0	0.049	0.292	0	0.182	0.401
STUB1	IL6	9606.ENSP00000219548	9606.ENSP00000385675	0	0	0	0	0	0	0	0.407	0.407
STUB1	BACE1	9606.ENSP00000219548	9606.ENSP00000318585	0	0	0	0	0	0.292	0	0.245	0.442
STUB1	MYLIP	9606.ENSP00000219548	9606.ENSP00000349298	0	0	0	0	0.055	0	0	0.459	0.466
STUB1	VHL	9606.ENSP00000219548	9606.ENSP00000256474	0	0	0	0	0	0.061	0	0.491	0.501
STUB1	OTUB1	9606.ENSP00000219548	9606.ENSP00000444357	0	0	0	0	0.056	0.292	0	0.322	0.507
STUB1	UBE3A	9606.ENSP00000219548	9606.ENSP00000497594	0	0	0	0	0.042	0	0	0.522	0.522
STUB1	MAPT	9606.ENSP00000219548	9606.ENSP00000340820	0	0	0	0	0	0.907	0	0.423	0.944
STUB1	PRKN	9606.ENSP00000219548	9606.ENSP00000355865	0	0	0	0	0	0.658	0	0.849	0.946
SYVN1	BSG	9606.ENSP00000366395	9606.ENSP00000333769	0	0	0	0	0.049	0.421	0	0.083	0.450
TARDBP	DLG4	9606.ENSP00000240185	9606.ENSP00000497806	0	0	0	0	0	0.091	0	0.392	0.423
TARDBP	UBE3A	9606.ENSP00000240185	9606.ENSP00000497594	0	0	0	0	0.097	0.292	0	0.202	0.445
TARDBP	PPIA	9606.ENSP00000240185	9606.ENSP00000419425	0	0	0	0	0.095	0.343	0	0.197	0.481
TARDBP	BACE1	9606.ENSP00000240185	9606.ENSP00000318585	0	0	0	0	0	0.046	0	0.485	0.488
TARDBP	USP14	9606.ENSP00000240185	9606.ENSP00000261601	0	0	0	0	0.140	0.059	0	0.445	0.512
TARDBP	TREM2	9606.ENSP00000240185	9606.ENSP00000362205	0	0	0	0	0.055	0	0	0.574	0.580
TARDBP	USP10	9606.ENSP00000240185	9606.ENSP00000457411	0	0	0	0	0.128	0.428	0	0.233	0.584
TARDBP	RBFOX3	9606.ENSP00000240185	9606.ENSP00000463653	0	0	0	0	0	0.300	0	0.508	0.641
TARDBP	APOE	9606.ENSP00000240185	9606.ENSP00000252486	0	0	0	0	0.055	0	0	0.663	0.667
TARDBP	MAPT	9606.ENSP00000240185	9606.ENSP00000340820	0	0	0	0	0	0.049	0	0.970	0.970
TARDBP	PRKN	9606.ENSP00000240185	9606.ENSP00000355865	0	0	0	0	0	0.601	0.900	0.644	0.984
TREM2	CTSD	9606.ENSP00000362205	9606.ENSP00000236671	0	0	0	0	0.102	0	0	0.424	0.461
TREM2	TARDBP	9606.ENSP00000362205	9606.ENSP00000240185	0	0	0	0	0.055	0	0	0.574	0.580
TREM2	HCST	9606.ENSP00000362205	9606.ENSP00000246551	0	0	0	0	0.100	0	0	0.386	0.424
TREM2	APOE	9606.ENSP00000362205	9606.ENSP00000252486	0	0	0	0	0.181	0.584	0	0.994	0.997
TREM2	LGALS3	9606.ENSP00000362205	9606.ENSP00000254301	0	0	0	0	0.096	0	0	0.810	0.821
TREM2	ADAM10	9606.ENSP00000362205	9606.ENSP00000260408	0	0	0	0	0.042	0	0	0.527	0.527
TREM2	TYROBP	9606.ENSP00000362205	9606.ENSP00000262629	0	0	0	0	0.310	0.591	0.800	0.999	0.999
TREM2	IDE	9606.ENSP00000362205	9606.ENSP00000265986	0	0	0	0	0	0	0	0.436	0.436
TREM2	S100B	9606.ENSP00000362205	9606.ENSP00000291700	0	0	0	0	0.147	0	0	0.357	0.428
TREM2	C1QB	9606.ENSP00000362205	9606.ENSP00000313967	0	0	0	0	0.429	0	0	0.481	0.691
TREM2	BIN1	9606.ENSP00000362205	9606.ENSP00000316779	0	0	0	0	0	0	0	0.647	0.647
TREM2	BACE1	9606.ENSP00000362205	9606.ENSP00000318585	0	0	0	0	0.048	0	0	0.570	0.573
TREM2	HSPD1	9606.ENSP00000362205	9606.ENSP00000340019	0	0	0	0	0	0	0	0.528	0.528
TREM2	MAPT	9606.ENSP00000362205	9606.ENSP00000340820	0	0	0.231	0	0	0	0	0.668	0.733
TREM2	CTSB	9606.ENSP00000362205	9606.ENSP00000345672	0	0	0	0	0.100	0	0	0.396	0.434
TREM2	MMP9	9606.ENSP00000362205	9606.ENSP00000361405	0	0	0	0	0.133	0	0	0.359	0.420
TREM2	RBFOX3	9606.ENSP00000362205	9606.ENSP00000463653	0	0	0	0	0.055	0	0	0.393	0.401
TREM2	DLG4	9606.ENSP00000362205	9606.ENSP00000497806	0	0	0	0	0.099	0	0	0.367	0.405
TREM2	ABCA1	9606.ENSP00000362205	9606.ENSP00000363868	0	0	0	0	0.070	0	0	0.394	0.412
TREM2	MMEL1	9606.ENSP00000362205	9606.ENSP00000367668	0	0	0	0	0.055	0	0	0.467	0.475
TREM2	IL6	9606.ENSP00000362205	9606.ENSP00000385675	0	0	0	0	0.044	0	0	0.662	0.663
TREM2	PICALM	9606.ENSP00000362205	9606.ENSP00000377015	0	0	0	0	0	0	0	0.696	0.696
TYROBP	CTSD	9606.ENSP00000262629	9606.ENSP00000236671	0	0	0	0	0.194	0	0	0.382	0.481
TYROBP	HCST	9606.ENSP00000262629	9606.ENSP00000246551	0	0	0	0	0.780	0.154	0	0.978	0.995
TYROBP	APOE	9606.ENSP00000262629	9606.ENSP00000252486	0	0	0	0	0.200	0	0	0.583	0.652
TYROBP	LGALS3	9606.ENSP00000262629	9606.ENSP00000254301	0	0	0	0	0.141	0	0	0.355	0.422
TYROBP	CTSB	9606.ENSP00000262629	9606.ENSP00000345672	0	0	0	0	0.225	0	0	0.267	0.408
TYROBP	IL6	9606.ENSP00000262629	9606.ENSP00000385675	0	0	0	0	0.049	0	0	0.447	0.451
TYROBP	HSPD1	9606.ENSP00000262629	9606.ENSP00000340019	0	0	0	0	0	0	0	0.482	0.482
TYROBP	MMP9	9606.ENSP00000262629	9606.ENSP00000361405	0	0	0	0	0.354	0	0	0.445	0.626
TYROBP	C1QB	9606.ENSP00000262629	9606.ENSP00000313967	0	0	0	0	0.544	0	0	0.689	0.852
TYROBP	TREM2	9606.ENSP00000262629	9606.ENSP00000362205	0	0	0	0	0.310	0.591	0.800	0.999	0.999
UBE3A	STUB1	9606.ENSP00000497594	9606.ENSP00000219548	0	0	0	0	0.042	0	0	0.522	0.522
UBE3A	TARDBP	9606.ENSP00000497594	9606.ENSP00000240185	0	0	0	0	0.097	0.292	0	0.202	0.445
UBE3A	USP14	9606.ENSP00000497594	9606.ENSP00000261601	0	0	0	0	0.177	0.233	0	0.459	0.629
UBE3A	PRKN	9606.ENSP00000497594	9606.ENSP00000355865	0	0	0	0	0	0	0	0.436	0.436
UBE3A	RBFOX3	9606.ENSP00000497594	9606.ENSP00000463653	0	0	0	0	0	0	0	0.431	0.431
UBE3A	DLG4	9606.ENSP00000497594	9606.ENSP00000497806	0	0	0	0	0	0	0	0.447	0.447
UCHL1	USP11	9606.ENSP00000284440	9606.ENSP00000218348	0	0	0	0	0.074	0	0	0.432	0.451
UCHL1	USP14	9606.ENSP00000284440	9606.ENSP00000261601	0	0	0	0	0.114	0	0	0.810	0.825
UCHL1	USP13	9606.ENSP00000284440	9606.ENSP00000263966	0	0	0	0	0.067	0	0	0.487	0.501
UCHL1	IL6	9606.ENSP00000284440	9606.ENSP00000385675	0	0	0	0	0.048	0	0	0.396	0.400
UCHL1	BACE1	9606.ENSP00000284440	9606.ENSP00000318585	0	0	0	0	0.082	0	0	0.390	0.416
UCHL1	RBFOX3	9606.ENSP00000284440	9606.ENSP00000463653	0	0	0	0	0.138	0	0	0.359	0.424
UCHL1	USP25	9606.ENSP00000284440	9606.ENSP00000383044	0	0	0	0	0.064	0	0	0.432	0.447
UCHL1	OTUB1	9606.ENSP00000284440	9606.ENSP00000444357	0	0	0	0	0.091	0.292	0	0.513	0.659
UCHL1	S100B	9606.ENSP00000284440	9606.ENSP00000291700	0	0	0	0	0.121	0	0	0.671	0.699
UCHL1	MAPT	9606.ENSP00000284440	9606.ENSP00000340820	0	0	0	0	0.087	0.095	0	0.690	0.721
UCHL1	ENO2	9606.ENSP00000284440	9606.ENSP00000437402	0	0	0	0	0.125	0	0	0.801	0.818
UCHL1	PRKN	9606.ENSP00000284440	9606.ENSP00000355865	0	0	0	0	0	0.563	0	0.913	0.960
USP10	TARDBP	9606.ENSP00000457411	9606.ENSP00000240185	0	0	0	0	0.128	0.428	0	0.233	0.584
USP10	USP14	9606.ENSP00000457411	9606.ENSP00000261601	0	0	0	0.559	0.078	0	0	0.390	0.414
USP10	USP13	9606.ENSP00000457411	9606.ENSP00000263966	0	0	0	0	0.068	0	0.700	0.663	0.897
USP10	BECN1	9606.ENSP00000457411	9606.ENSP00000355231	0	0	0	0	0.097	0.124	0.400	0.292	0.619
USP10	USP25	9606.ENSP00000457411	9606.ENSP00000383044	0	0	0	0	0.055	0.115	0	0.413	0.466
USP11	USP14	9606.ENSP00000218348	9606.ENSP00000261601	0	0	0	0.562	0.053	0.097	0	0.371	0.416
USP11	UCHL1	9606.ENSP00000218348	9606.ENSP00000284440	0	0	0	0	0.074	0	0	0.432	0.451
USP11	USP25	9606.ENSP00000218348	9606.ENSP00000383044	0	0	0	0	0.061	0.073	0	0.532	0.557
USP11	OTUB1	9606.ENSP00000218348	9606.ENSP00000444357	0	0	0	0	0.056	0	0	0.596	0.602
USP11	USP13	9606.ENSP00000218348	9606.ENSP00000263966	0	0	0	0	0.060	0.067	0	0.619	0.637
USP13	USP11	9606.ENSP00000263966	9606.ENSP00000218348	0	0	0	0	0.060	0.067	0	0.619	0.637
USP13	USP14	9606.ENSP00000263966	9606.ENSP00000261601	0	0	0	0	0.064	0.085	0	0.742	0.759
USP13	ITCH	9606.ENSP00000263966	9606.ENSP00000499786	0	0	0	0	0.044	0.257	0	0.230	0.406
USP13	UCHL1	9606.ENSP00000263966	9606.ENSP00000284440	0	0	0	0	0.067	0	0	0.487	0.501
USP13	OTUB1	9606.ENSP00000263966	9606.ENSP00000444357	0	0	0	0	0.049	0	0	0.585	0.589
USP13	USP25	9606.ENSP00000263966	9606.ENSP00000383044	0	0	0	0	0.139	0.301	0	0.774	0.852
USP13	USP10	9606.ENSP00000263966	9606.ENSP00000457411	0	0	0	0	0.068	0	0.700	0.663	0.897
USP13	BECN1	9606.ENSP00000263966	9606.ENSP00000355231	0	0	0	0	0.042	0	0.700	0.694	0.904
USP14	USP11	9606.ENSP00000261601	9606.ENSP00000218348	0	0	0	0.562	0.053	0.097	0	0.371	0.416
USP14	TARDBP	9606.ENSP00000261601	9606.ENSP00000240185	0	0	0	0	0.140	0.059	0	0.445	0.512
USP14	USP10	9606.ENSP00000261601	9606.ENSP00000457411	0	0	0	0.559	0.078	0	0	0.390	0.414
USP14	PRKN	9606.ENSP00000261601	9606.ENSP00000355865	0	0	0	0	0	0	0	0.446	0.446
USP14	UBE3A	9606.ENSP00000261601	9606.ENSP00000497594	0	0	0	0	0.177	0.233	0	0.459	0.629
USP14	BECN1	9606.ENSP00000261601	9606.ENSP00000355231	0	0	0	0	0.060	0.510	0	0.352	0.675
USP14	USP25	9606.ENSP00000261601	9606.ENSP00000383044	0	0	0	0	0.103	0.067	0	0.646	0.678
USP14	OTUB1	9606.ENSP00000261601	9606.ENSP00000444357	0	0	0	0	0.121	0	0	0.661	0.690
USP14	USP13	9606.ENSP00000261601	9606.ENSP00000263966	0	0	0	0	0.064	0.085	0	0.742	0.759
USP14	UCHL1	9606.ENSP00000261601	9606.ENSP00000284440	0	0	0	0	0.114	0	0	0.810	0.825
USP25	USP11	9606.ENSP00000383044	9606.ENSP00000218348	0	0	0	0	0.061	0.073	0	0.532	0.557
USP25	USP14	9606.ENSP00000383044	9606.ENSP00000261601	0	0	0	0	0.103	0.067	0	0.646	0.678
USP25	USP13	9606.ENSP00000383044	9606.ENSP00000263966	0	0	0	0	0.139	0.301	0	0.774	0.852
USP25	UCHL1	9606.ENSP00000383044	9606.ENSP00000284440	0	0	0	0	0.064	0	0	0.432	0.447
USP25	USP10	9606.ENSP00000383044	9606.ENSP00000457411	0	0	0	0	0.055	0.115	0	0.413	0.466
USP25	ITCH	9606.ENSP00000383044	9606.ENSP00000499786	0	0	0	0	0.064	0.289	0	0.282	0.481
USP25	OTUB1	9606.ENSP00000383044	9606.ENSP00000444357	0	0	0	0	0.056	0	0	0.552	0.559
VHL	STUB1	9606.ENSP00000256474	9606.ENSP00000219548	0	0	0	0	0	0.061	0	0.491	0.501
VHL	CRBN	9606.ENSP00000256474	9606.ENSP00000231948	0	0.178	0	0	0.063	0	0	0.494	0.576
VLDLR	LRP1	9606.ENSP00000371532	9606.ENSP00000243077	0	0	0	0.832	0	0	0	0.473	0.473
VLDLR	APOE	9606.ENSP00000371532	9606.ENSP00000252486	0	0	0	0	0	0.236	0.540	0.997	0.998
VLDLR	PLG	9606.ENSP00000371532	9606.ENSP00000308938	0	0	0	0	0.063	0	0	0.469	0.481
VLDLR	BIN1	9606.ENSP00000371532	9606.ENSP00000316779	0	0	0	0	0	0	0.540	0.176	0.604
VLDLR	MAPT	9606.ENSP00000371532	9606.ENSP00000340820	0	0	0	0	0.058	0	0	0.644	0.650
VLDLR	MYLIP	9606.ENSP00000371532	9606.ENSP00000349298	0	0	0	0	0	0.311	0.400	0.479	0.765
VLDLR	ABCG1	9606.ENSP00000371532	9606.ENSP00000354995	0	0	0	0	0.059	0	0	0.474	0.484
VLDLR	ABCA1	9606.ENSP00000371532	9606.ENSP00000363868	0	0	0	0	0	0	0	0.582	0.582
VLDLR	DLG4	9606.ENSP00000371532	9606.ENSP00000497806	0	0	0	0	0	0.071	0	0.543	0.557
VLDLR	LDLR	9606.ENSP00000371532	9606.ENSP00000454071	0	0	0.059	0.941	0	0.098	0.540	0.058	0.583
